functional.response.block,vol.cm3,footprint.cm2,temp.C,time.d,predator,predmass.g,prey,preymass.g,mass.ratio,prey.density,prey.eaten,prey.alive
1,3424.176,407.64,7.91,1,Carcinus maenas,6.856,Echinogammarus marinus,0.047,145.8723404,2,2,0
1,3424.176,407.64,7.91,1,Carcinus maenas,6.856,Echinogammarus marinus,0.047,145.8723404,2,2,0
1,3424.176,407.64,7.91,1,Carcinus maenas,6.856,Echinogammarus marinus,0.047,145.8723404,2,2,0
1,3424.176,407.64,7.91,1,Carcinus maenas,6.856,Echinogammarus marinus,0.047,145.8723404,4,4,0
1,3424.176,407.64,7.91,1,Carcinus maenas,6.856,Echinogammarus marinus,0.047,145.8723404,4,2,2
1,3424.176,407.64,7.91,1,Carcinus maenas,6.856,Echinogammarus marinus,0.047,145.8723404,4,1,3
1,3424.176,407.64,7.91,1,Carcinus maenas,6.856,Echinogammarus marinus,0.047,145.8723404,8,8,0
1,3424.176,407.64,7.91,1,Carcinus maenas,6.856,Echinogammarus marinus,0.047,145.8723404,8,7,1
1,3424.176,407.64,7.91,1,Carcinus maenas,6.856,Echinogammarus marinus,0.047,145.8723404,8,7,1
1,3424.176,407.64,7.91,1,Carcinus maenas,6.856,Echinogammarus marinus,0.047,145.8723404,16,13,3
1,3424.176,407.64,7.91,1,Carcinus maenas,6.856,Echinogammarus marinus,0.047,145.8723404,16,12,4
1,3424.176,407.64,7.91,1,Carcinus maenas,6.856,Echinogammarus marinus,0.047,145.8723404,16,16,0
1,3424.176,407.64,7.91,1,Carcinus maenas,6.856,Echinogammarus marinus,0.047,145.8723404,32,19,13
1,3424.176,407.64,7.91,1,Carcinus maenas,6.856,Echinogammarus marinus,0.047,145.8723404,32,0,32
1,3424.176,407.64,7.91,1,Carcinus maenas,6.856,Echinogammarus marinus,0.047,145.8723404,32,25,7
2,3424.176,407.64,7.91,1,Lipophrys pholis,3.36,Echinogammarus marinus,0.045,74.66666667,2,1,1
2,3424.176,407.64,7.91,1,Lipophrys pholis,3.36,Echinogammarus marinus,0.045,74.66666667,2,1,1
2,3424.176,407.64,7.91,1,Lipophrys pholis,3.36,Echinogammarus marinus,0.045,74.66666667,2,1,1
2,3424.176,407.64,7.91,1,Lipophrys pholis,3.36,Echinogammarus marinus,0.045,74.66666667,4,4,0
2,3424.176,407.64,7.91,1,Lipophrys pholis,3.36,Echinogammarus marinus,0.045,74.66666667,4,4,0
2,3424.176,407.64,7.91,1,Lipophrys pholis,3.36,Echinogammarus marinus,0.045,74.66666667,4,4,0
2,3424.176,407.64,7.91,1,Lipophrys pholis,3.36,Echinogammarus marinus,0.045,74.66666667,8,5,3
2,3424.176,407.64,7.91,1,Lipophrys pholis,3.36,Echinogammarus marinus,0.045,74.66666667,8,5,3
2,3424.176,407.64,7.91,1,Lipophrys pholis,3.36,Echinogammarus marinus,0.045,74.66666667,8,0,8
2,3424.176,407.64,7.91,1,Lipophrys pholis,3.36,Echinogammarus marinus,0.045,74.66666667,16,5,11
2,3424.176,407.64,7.91,1,Lipophrys pholis,3.36,Echinogammarus marinus,0.045,74.66666667,16,8,8
2,3424.176,407.64,7.91,1,Lipophrys pholis,3.36,Echinogammarus marinus,0.045,74.66666667,16,9,7
2,3424.176,407.64,7.91,1,Lipophrys pholis,3.36,Echinogammarus marinus,0.045,74.66666667,32,4,28
2,3424.176,407.64,7.91,1,Lipophrys pholis,3.36,Echinogammarus marinus,0.045,74.66666667,32,0,32
2,3424.176,407.64,7.91,1,Lipophrys pholis,3.36,Echinogammarus marinus,0.045,74.66666667,32,10,22
3,3424.176,407.64,7.99,1,Lipophrys pholis,9.59,Echinogammarus marinus,0.049,195.7142857,2,2,0
3,3424.176,407.64,7.99,1,Lipophrys pholis,9.59,Echinogammarus marinus,0.049,195.7142857,2,2,0
3,3424.176,407.64,7.99,1,Lipophrys pholis,9.59,Echinogammarus marinus,0.049,195.7142857,2,2,0
3,3424.176,407.64,7.99,1,Lipophrys pholis,9.59,Echinogammarus marinus,0.049,195.7142857,4,4,0
3,3424.176,407.64,7.99,1,Lipophrys pholis,9.59,Echinogammarus marinus,0.049,195.7142857,4,4,0
3,3424.176,407.64,7.99,1,Lipophrys pholis,9.59,Echinogammarus marinus,0.049,195.7142857,4,4,0
3,3424.176,407.64,7.99,1,Lipophrys pholis,9.59,Echinogammarus marinus,0.049,195.7142857,8,8,0
3,3424.176,407.64,7.99,1,Lipophrys pholis,9.59,Echinogammarus marinus,0.049,195.7142857,8,7,1
3,3424.176,407.64,7.99,1,Lipophrys pholis,9.59,Echinogammarus marinus,0.049,195.7142857,8,7,1
3,3424.176,407.64,7.99,1,Lipophrys pholis,9.59,Echinogammarus marinus,0.049,195.7142857,16,15,1
3,3424.176,407.64,7.99,1,Lipophrys pholis,9.59,Echinogammarus marinus,0.049,195.7142857,16,14,2
3,3424.176,407.64,7.99,1,Lipophrys pholis,9.59,Echinogammarus marinus,0.049,195.7142857,16,10,6
3,3424.176,407.64,7.99,1,Lipophrys pholis,9.59,Echinogammarus marinus,0.049,195.7142857,32,13,19
3,3424.176,407.64,7.99,1,Lipophrys pholis,9.59,Echinogammarus marinus,0.049,195.7142857,32,17,15
3,3424.176,407.64,7.99,1,Lipophrys pholis,9.59,Echinogammarus marinus,0.049,195.7142857,32,25,7
4,11225.1,905.25,7.85,1,Carcinus maenas,25.8,Echinogammarus marinus,0.055,469.0909091,2,1,1
4,11225.1,905.25,7.85,1,Carcinus maenas,25.8,Echinogammarus marinus,0.055,469.0909091,2,0,2
4,11225.1,905.25,7.85,1,Carcinus maenas,25.8,Echinogammarus marinus,0.055,469.0909091,2,2,0
4,11225.1,905.25,7.85,1,Carcinus maenas,25.8,Echinogammarus marinus,0.055,469.0909091,4,3,1
4,11225.1,905.25,7.85,1,Carcinus maenas,25.8,Echinogammarus marinus,0.055,469.0909091,4,0,4
4,11225.1,905.25,7.85,1,Carcinus maenas,25.8,Echinogammarus marinus,0.055,469.0909091,4,1,3
4,11225.1,905.25,7.85,1,Carcinus maenas,25.8,Echinogammarus marinus,0.055,469.0909091,8,5,3
4,11225.1,905.25,7.85,1,Carcinus maenas,25.8,Echinogammarus marinus,0.055,469.0909091,8,2,6
4,11225.1,905.25,7.85,1,Carcinus maenas,25.8,Echinogammarus marinus,0.055,469.0909091,8,8,0
4,11225.1,905.25,7.85,1,Carcinus maenas,25.8,Echinogammarus marinus,0.055,469.0909091,16,4,12
4,11225.1,905.25,7.85,1,Carcinus maenas,25.8,Echinogammarus marinus,0.055,469.0909091,16,0,16
4,11225.1,905.25,7.85,1,Carcinus maenas,25.8,Echinogammarus marinus,0.055,469.0909091,16,9,7
4,11225.1,905.25,7.85,1,Carcinus maenas,25.8,Echinogammarus marinus,0.055,469.0909091,32,8,24
4,11225.1,905.25,7.85,1,Carcinus maenas,25.8,Echinogammarus marinus,0.055,469.0909091,32,8,24
4,11225.1,905.25,7.85,1,Carcinus maenas,25.8,Echinogammarus marinus,0.055,469.0909091,32,16,16
5,3424.176,407.64,8.03,1,Pholis gunnellus,5.705,Echinogammarus marinus,0.05,114.1,2,2,0
5,3424.176,407.64,8.03,1,Pholis gunnellus,5.705,Echinogammarus marinus,0.05,114.1,2,0,2
5,3424.176,407.64,8.03,1,Pholis gunnellus,5.705,Echinogammarus marinus,0.05,114.1,2,2,0
5,3424.176,407.64,8.03,1,Pholis gunnellus,5.705,Echinogammarus marinus,0.05,114.1,4,4,0
5,3424.176,407.64,8.03,1,Pholis gunnellus,5.705,Echinogammarus marinus,0.05,114.1,4,4,0
5,3424.176,407.64,8.03,1,Pholis gunnellus,5.705,Echinogammarus marinus,0.05,114.1,4,0,4
5,3424.176,407.64,8.03,1,Pholis gunnellus,5.705,Echinogammarus marinus,0.05,114.1,8,2,6
5,3424.176,407.64,8.03,1,Pholis gunnellus,5.705,Echinogammarus marinus,0.05,114.1,8,3,5
5,3424.176,407.64,8.03,1,Pholis gunnellus,5.705,Echinogammarus marinus,0.05,114.1,8,7,1
5,3424.176,407.64,8.03,1,Pholis gunnellus,5.705,Echinogammarus marinus,0.05,114.1,16,2,14
5,3424.176,407.64,8.03,1,Pholis gunnellus,5.705,Echinogammarus marinus,0.05,114.1,16,4,12
5,3424.176,407.64,8.03,1,Pholis gunnellus,5.705,Echinogammarus marinus,0.05,114.1,16,9,7
6,31524,1970.25,8,0.66,Carcinus maenas,102.8,Mytilus edulis,13.665,7.522868643,8,4,4
6,31524,1970.25,8,0.66,Carcinus maenas,102.8,Mytilus edulis,13.665,7.522868643,32,0,32
6,31524,1970.25,8,0.66,Carcinus maenas,102.8,Mytilus edulis,13.665,7.522868643,4,1,3
6,31524,1970.25,7.92,0.66,Carcinus maenas,102.8,Mytilus edulis,13.665,7.522868643,16,3,13
6,31524,1970.25,7.92,0.66,Carcinus maenas,102.8,Mytilus edulis,13.665,7.522868643,4,1,3
6,31524,1970.25,7.92,0.66,Carcinus maenas,102.8,Mytilus edulis,13.665,7.522868643,8,3,5
6,31524,1970.25,7.92,0.66,Carcinus maenas,102.8,Mytilus edulis,13.665,7.522868643,8,0,8
6,31524,1970.25,7.92,0.66,Carcinus maenas,102.8,Mytilus edulis,13.665,7.522868643,32,0,32
6,31524,1970.25,8,0.66,Carcinus maenas,102.8,Mytilus edulis,13.665,7.522868643,16,0,16
6,31524,1970.25,8.1,0.66,Carcinus maenas,102.8,Mytilus edulis,13.665,7.522868643,4,0,4
6,31524,1970.25,8.1,0.66,Carcinus maenas,102.8,Mytilus edulis,13.665,7.522868643,16,1,15
6,31524,1970.25,8.1,0.66,Carcinus maenas,102.8,Mytilus edulis,13.665,7.522868643,32,4,28
6,31524,1970.25,7.89,0.66,Carcinus maenas,102.8,Mytilus edulis,13.665,7.522868643,4,0,4
6,31524,1970.25,7.89,0.66,Carcinus maenas,102.8,Mytilus edulis,13.665,7.522868643,32,0,32
6,31524,1970.25,7.89,0.66,Carcinus maenas,102.8,Mytilus edulis,13.665,7.522868643,16,1,15
6,31524,1970.25,7.89,0.66,Carcinus maenas,102.8,Mytilus edulis,13.665,7.522868643,8,0,8
7,31524,1970.25,8,0.66,Carcinus maenas,94.025,Mytilus edulis,6.5184,14.42455204,8,4,4
7,31524,1970.25,8,0.66,Carcinus maenas,94.025,Mytilus edulis,6.5184,14.42455204,32,5,27
7,31524,1970.25,7.92,0.66,Carcinus maenas,94.025,Mytilus edulis,6.5184,14.42455204,16,0,16
7,31524,1970.25,7.92,0.66,Carcinus maenas,94.025,Mytilus edulis,6.5184,14.42455204,8,0,8
7,31524,1970.25,7.92,0.66,Carcinus maenas,94.025,Mytilus edulis,6.5184,14.42455204,4,4,0
7,31524,1970.25,7.92,0.66,Carcinus maenas,94.025,Mytilus edulis,6.5184,14.42455204,4,0,4
7,31524,1970.25,8,0.66,Carcinus maenas,94.025,Mytilus edulis,6.5184,14.42455204,32,4,28
7,31524,1970.25,8,0.66,Carcinus maenas,94.025,Mytilus edulis,6.5184,14.42455204,16,4,12
7,31524,1970.25,8,0.66,Carcinus maenas,94.025,Mytilus edulis,6.5184,14.42455204,16,4,12
7,31524,1970.25,8,0.66,Carcinus maenas,94.025,Mytilus edulis,6.5184,14.42455204,8,0,8
7,31524,1970.25,8.1,0.66,Carcinus maenas,94.025,Mytilus edulis,6.5184,14.42455204,32,8,24
7,31524,1970.25,8.1,0.66,Carcinus maenas,94.025,Mytilus edulis,6.5184,14.42455204,4,4,0
7,31524,1970.25,7.89,0.66,Carcinus maenas,94.025,Mytilus edulis,6.5184,14.42455204,16,7,9
7,31524,1970.25,7.89,0.66,Carcinus maenas,94.025,Mytilus edulis,6.5184,14.42455204,8,3,5
7,31524,1970.25,7.89,0.66,Carcinus maenas,94.025,Mytilus edulis,6.5184,14.42455204,4,3,1
7,31524,1970.25,7.89,0.66,Carcinus maenas,94.025,Mytilus edulis,6.5184,14.42455204,32,2,30
8,31524,1970.25,8,0.66,Carcinus maenas,96.57,Mytilus edulis,1.075865,89.76033238,16,2,14
8,31524,1970.25,8,0.66,Carcinus maenas,96.57,Mytilus edulis,1.075865,89.76033238,8,8,0
8,31524,1970.25,8,0.66,Carcinus maenas,96.57,Mytilus edulis,1.075865,89.76033238,32,31,1
8,31524,1970.25,8,0.66,Carcinus maenas,96.57,Mytilus edulis,1.075865,89.76033238,8,8,0
8,31524,1970.25,7.92,0.66,Carcinus maenas,96.57,Mytilus edulis,1.075865,89.76033238,32,26,6
8,31524,1970.25,7.92,0.66,Carcinus maenas,96.57,Mytilus edulis,1.075865,89.76033238,4,3,1
8,31524,1970.25,7.92,0.66,Carcinus maenas,96.57,Mytilus edulis,1.075865,89.76033238,4,4,0
8,31524,1970.25,7.92,0.66,Carcinus maenas,96.57,Mytilus edulis,1.075865,89.76033238,16,16,0
8,31524,1970.25,8,0.66,Carcinus maenas,96.57,Mytilus edulis,1.075865,89.76033238,8,8,0
8,31524,1970.25,8,0.66,Carcinus maenas,96.57,Mytilus edulis,1.075865,89.76033238,4,2,2
8,31524,1970.25,8.1,0.66,Carcinus maenas,96.57,Mytilus edulis,1.075865,89.76033238,64,41,23
8,31524,1970.25,8.1,0.66,Carcinus maenas,96.57,Mytilus edulis,1.075865,89.76033238,64,54,19
8,31524,1970.25,8.1,0.66,Carcinus maenas,96.57,Mytilus edulis,1.075865,89.76033238,16,16,0
8,31524,1970.25,8.1,0.66,Carcinus maenas,96.57,Mytilus edulis,1.075865,89.76033238,32,26,6
8,31524,1970.25,8.02,0.66,Carcinus maenas,96.57,Mytilus edulis,1.075865,89.76033238,64,4,60
8,31524,1970.25,7.89,0.66,Carcinus maenas,96.57,Mytilus edulis,1.075865,89.76033238,4,4,0
8,31524,1970.25,7.89,0.66,Carcinus maenas,96.57,Mytilus edulis,1.075865,89.76033238,64,9,55
8,31524,1970.25,7.89,0.66,Carcinus maenas,96.57,Mytilus edulis,1.075865,89.76033238,32,17,15
8,31524,1970.25,7.89,0.66,Carcinus maenas,96.57,Mytilus edulis,1.075865,89.76033238,16,12,4
8,31524,1970.25,7.89,0.66,Carcinus maenas,96.57,Mytilus edulis,1.075865,89.76033238,8,8,0
9,31524,1970.25,8,0.66,Carcinus maenas,66.8625,Mytilus edulis,13.665,4.892974753,16,4,12
9,31524,1970.25,8,0.66,Carcinus maenas,66.8625,Mytilus edulis,13.665,4.892974753,8,0,8
9,31524,1970.25,8,0.66,Carcinus maenas,66.8625,Mytilus edulis,13.665,4.892974753,4,2,2
9,31524,1970.25,8,0.66,Carcinus maenas,66.8625,Mytilus edulis,13.665,4.892974753,8,0,8
9,31524,1970.25,7.92,0.66,Carcinus maenas,66.8625,Mytilus edulis,13.665,4.892974753,32,2,30
9,31524,1970.25,7.92,0.66,Carcinus maenas,66.8625,Mytilus edulis,13.665,4.892974753,32,2,30
9,31524,1970.25,8,0.66,Carcinus maenas,66.8625,Mytilus edulis,13.665,4.892974753,16,0,16
9,31524,1970.25,8,0.66,Carcinus maenas,66.8625,Mytilus edulis,13.665,4.892974753,8,0,8
9,31524,1970.25,8,0.66,Carcinus maenas,66.8625,Mytilus edulis,13.665,4.892974753,16,0,16
9,31524,1970.25,8,0.66,Carcinus maenas,66.8625,Mytilus edulis,13.665,4.892974753,4,0,4
9,31524,1970.25,8.1,0.66,Carcinus maenas,66.8625,Mytilus edulis,13.665,4.892974753,32,3,29
9,31524,1970.25,8.1,0.66,Carcinus maenas,66.8625,Mytilus edulis,13.665,4.892974753,4,3,1
9,31524,1970.25,8.02,0.66,Carcinus maenas,66.8625,Mytilus edulis,13.665,4.892974753,16,0,16
9,31524,1970.25,8.02,0.66,Carcinus maenas,66.8625,Mytilus edulis,13.665,4.892974753,8,0,8
9,31524,1970.25,8.02,0.66,Carcinus maenas,66.8625,Mytilus edulis,13.665,4.892974753,32,0,32
9,31524,1970.25,8.02,0.66,Carcinus maenas,66.8625,Mytilus edulis,13.665,4.892974753,4,0,4
10,31524,1970.25,8,0.66,Carcinus maenas,60.17,Mytilus edulis,6.5184,9.230792833,4,0,4
10,31524,1970.25,8,0.66,Carcinus maenas,60.17,Mytilus edulis,6.5184,9.230792833,32,0,32
10,31524,1970.25,7.92,0.66,Carcinus maenas,60.17,Mytilus edulis,6.5184,9.230792833,16,3,13
10,31524,1970.25,7.92,0.66,Carcinus maenas,60.17,Mytilus edulis,6.5184,9.230792833,4,0,4
10,31524,1970.25,7.92,0.66,Carcinus maenas,60.17,Mytilus edulis,6.5184,9.230792833,8,0,8
10,31524,1970.25,7.92,0.66,Carcinus maenas,60.17,Mytilus edulis,6.5184,9.230792833,8,5,3
10,31524,1970.25,7.92,0.66,Carcinus maenas,60.17,Mytilus edulis,6.5184,9.230792833,4,0,4
10,31524,1970.25,8,0.66,Carcinus maenas,60.17,Mytilus edulis,6.5184,9.230792833,16,0,16
10,31524,1970.25,8,0.66,Carcinus maenas,60.17,Mytilus edulis,6.5184,9.230792833,32,0,32
10,31524,1970.25,8,0.66,Carcinus maenas,60.17,Mytilus edulis,6.5184,9.230792833,32,0,32
10,31524,1970.25,8.1,0.66,Carcinus maenas,60.17,Mytilus edulis,6.5184,9.230792833,16,0,16
10,31524,1970.25,8.1,0.66,Carcinus maenas,60.17,Mytilus edulis,6.5184,9.230792833,8,1,7
10,31524,1970.25,8.02,0.66,Carcinus maenas,60.17,Mytilus edulis,6.5184,9.230792833,32,4,28
10,31524,1970.25,8.02,0.66,Carcinus maenas,60.17,Mytilus edulis,6.5184,9.230792833,8,1,7
10,31524,1970.25,8.02,0.66,Carcinus maenas,60.17,Mytilus edulis,6.5184,9.230792833,4,0,4
10,31524,1970.25,8.02,0.66,Carcinus maenas,60.17,Mytilus edulis,6.5184,9.230792833,16,0,16
11,31524,1970.25,8,0.66,Carcinus maenas,60.235,Mytilus edulis,1.075865,55.98750773,4,3,1
11,31524,1970.25,8,0.66,Carcinus maenas,60.235,Mytilus edulis,1.075865,55.98750773,32,27,5
11,31524,1970.25,8,0.66,Carcinus maenas,60.235,Mytilus edulis,1.075865,55.98750773,16,0,16
11,31524,1970.25,8,0.66,Carcinus maenas,60.235,Mytilus edulis,1.075865,55.98750773,8,8,0
11,31524,1970.25,8,0.66,Carcinus maenas,60.235,Mytilus edulis,1.075865,55.98750773,8,3,5
11,31524,1970.25,8,0.66,Carcinus maenas,60.235,Mytilus edulis,1.075865,55.98750773,32,28,4
11,31524,1970.25,8,0.66,Carcinus maenas,60.235,Mytilus edulis,1.075865,55.98750773,16,9,7
11,31524,1970.25,7.92,0.66,Carcinus maenas,60.235,Mytilus edulis,1.075865,55.98750773,4,4,0
11,31524,1970.25,7.92,0.66,Carcinus maenas,60.235,Mytilus edulis,1.075865,55.98750773,32,19,13
11,31524,1970.25,7.92,0.66,Carcinus maenas,60.235,Mytilus edulis,1.075865,55.98750773,8,8,0
11,31524,1970.25,8,0.66,Carcinus maenas,60.235,Mytilus edulis,1.075865,55.98750773,4,1,3
11,31524,1970.25,8.1,0.66,Carcinus maenas,60.235,Mytilus edulis,1.075865,55.98750773,64,21,43
11,31524,1970.25,8.1,0.66,Carcinus maenas,60.235,Mytilus edulis,1.075865,55.98750773,64,39,25
11,31524,1970.25,8.1,0.66,Carcinus maenas,60.235,Mytilus edulis,1.075865,55.98750773,16,15,1
11,31524,1970.25,8.02,0.66,Carcinus maenas,60.235,Mytilus edulis,1.075865,55.98750773,64,46,18
11,31524,1970.25,8.02,0.66,Carcinus maenas,60.235,Mytilus edulis,1.075865,55.98750773,32,4,28
11,31524,1970.25,8.02,0.66,Carcinus maenas,60.235,Mytilus edulis,1.075865,55.98750773,16,16,0
11,31524,1970.25,8.02,0.66,Carcinus maenas,60.235,Mytilus edulis,1.075865,55.98750773,8,8,0
11,31524,1970.25,8.02,0.66,Carcinus maenas,60.235,Mytilus edulis,1.075865,55.98750773,4,0,4
11,31524,1970.25,8.02,0.66,Carcinus maenas,60.235,Mytilus edulis,1.075865,55.98750773,64,17,47
12,31524,1970.25,8,0.66,Carcinus maenas,25.075,Mytilus edulis,13.665,1.834979876,32,1,31
12,31524,1970.25,8,0.66,Carcinus maenas,25.075,Mytilus edulis,13.665,1.834979876,8,0,8
12,31524,1970.25,7.92,0.66,Carcinus maenas,25.075,Mytilus edulis,13.665,1.834979876,8,0,8
12,31524,1970.25,7.92,0.66,Carcinus maenas,25.075,Mytilus edulis,13.665,1.834979876,4,0,4
12,31524,1970.25,8,0.66,Carcinus maenas,25.075,Mytilus edulis,13.665,1.834979876,8,0,8
12,31524,1970.25,8,0.66,Carcinus maenas,25.075,Mytilus edulis,13.665,1.834979876,4,0,4
12,31524,1970.25,8,0.66,Carcinus maenas,25.075,Mytilus edulis,13.665,1.834979876,16,0,16
12,31524,1970.25,8,0.66,Carcinus maenas,25.075,Mytilus edulis,13.665,1.834979876,32,0,32
12,31524,1970.25,8,0.66,Carcinus maenas,25.075,Mytilus edulis,13.665,1.834979876,16,1,15
12,31524,1970.25,8.1,0.66,Carcinus maenas,25.075,Mytilus edulis,13.665,1.834979876,16,0,16
12,31524,1970.25,8.1,0.66,Carcinus maenas,25.075,Mytilus edulis,13.665,1.834979876,32,0,32
12,31524,1970.25,8.1,0.66,Carcinus maenas,25.075,Mytilus edulis,13.665,1.834979876,4,0,4
12,31524,1970.25,7.89,0.66,Carcinus maenas,25.075,Mytilus edulis,13.665,1.834979876,8,0,8
12,31524,1970.25,7.89,0.66,Carcinus maenas,25.075,Mytilus edulis,13.665,1.834979876,32,0,32
12,31524,1970.25,7.89,0.66,Carcinus maenas,25.075,Mytilus edulis,13.665,1.834979876,16,0,16
12,31524,1970.25,7.89,0.66,Carcinus maenas,25.075,Mytilus edulis,13.665,1.834979876,4,0,4
13,31524,1970.25,8,0.66,Carcinus maenas,25.2625,Mytilus edulis,6.5184,3.875567624,32,0,32
13,31524,1970.25,8,0.66,Carcinus maenas,25.2625,Mytilus edulis,6.5184,3.875567624,16,0,16
13,31524,1970.25,7.92,0.66,Carcinus maenas,25.2625,Mytilus edulis,6.5184,3.875567624,8,0,8
13,31524,1970.25,7.92,0.66,Carcinus maenas,25.2625,Mytilus edulis,6.5184,3.875567624,4,0,4
13,31524,1970.25,7.92,0.66,Carcinus maenas,25.2625,Mytilus edulis,6.5184,3.875567624,16,2,14
13,31524,1970.25,7.92,0.66,Carcinus maenas,25.2625,Mytilus edulis,6.5184,3.875567624,8,0,8
13,31524,1970.25,8,0.66,Carcinus maenas,25.2625,Mytilus edulis,6.5184,3.875567624,8,0,8
13,31524,1970.25,8,0.66,Carcinus maenas,25.2625,Mytilus edulis,6.5184,3.875567624,4,0,4
13,31524,1970.25,8,0.66,Carcinus maenas,25.2625,Mytilus edulis,6.5184,3.875567624,16,0,16
13,31524,1970.25,8,0.66,Carcinus maenas,25.2625,Mytilus edulis,6.5184,3.875567624,4,0,4
13,31524,1970.25,8,0.66,Carcinus maenas,25.2625,Mytilus edulis,6.5184,3.875567624,32,1,31
13,31524,1970.25,8.1,0.66,Carcinus maenas,25.2625,Mytilus edulis,6.5184,3.875567624,32,1,31
13,31524,1970.25,7.89,0.66,Carcinus maenas,25.2625,Mytilus edulis,6.5184,3.875567624,32,0,32
13,31524,1970.25,7.89,0.66,Carcinus maenas,25.2625,Mytilus edulis,6.5184,3.875567624,16,0,16
13,31524,1970.25,7.89,0.66,Carcinus maenas,25.2625,Mytilus edulis,6.5184,3.875567624,4,0,4
13,31524,1970.25,7.89,0.66,Carcinus maenas,25.2625,Mytilus edulis,6.5184,3.875567624,8,0,8
14,31524,1970.25,8,0.66,Carcinus maenas,25.185,Mytilus edulis,1.075865,23.40907084,4,2,2
14,31524,1970.25,8,0.66,Carcinus maenas,25.185,Mytilus edulis,1.075865,23.40907084,16,2,14
14,31524,1970.25,8,0.66,Carcinus maenas,25.185,Mytilus edulis,1.075865,23.40907084,32,1,31
14,31524,1970.25,7.92,0.66,Carcinus maenas,25.185,Mytilus edulis,1.075865,23.40907084,8,2,6
14,31524,1970.25,7.92,0.66,Carcinus maenas,25.185,Mytilus edulis,1.075865,23.40907084,32,10,22
14,31524,1970.25,8,0.66,Carcinus maenas,25.185,Mytilus edulis,1.075865,23.40907084,4,0,4
14,31524,1970.25,8.1,0.66,Carcinus maenas,25.185,Mytilus edulis,1.075865,23.40907084,32,4,28
14,31524,1970.25,8.1,0.66,Carcinus maenas,25.185,Mytilus edulis,1.075865,23.40907084,16,1,15
14,31524,1970.25,8.1,0.66,Carcinus maenas,25.185,Mytilus edulis,1.075865,23.40907084,8,7,1
14,31524,1970.25,8.1,0.66,Carcinus maenas,25.185,Mytilus edulis,1.075865,23.40907084,4,0,4
14,31524,1970.25,8.1,0.66,Carcinus maenas,25.185,Mytilus edulis,1.075865,23.40907084,8,0,8
14,31524,1970.25,8.1,0.66,Carcinus maenas,25.185,Mytilus edulis,1.075865,23.40907084,64,18,46
14,31524,1970.25,8.1,0.66,Carcinus maenas,25.185,Mytilus edulis,1.075865,23.40907084,16,8,8
14,31524,1970.25,8.02,0.66,Carcinus maenas,25.185,Mytilus edulis,1.075865,23.40907084,64,8,56
14,31524,1970.25,8.02,0.66,Carcinus maenas,25.185,Mytilus edulis,1.075865,23.40907084,64,11,53
14,31524,1970.25,7.89,0.66,Carcinus maenas,25.185,Mytilus edulis,1.075865,23.40907084,64,24,40
14,31524,1970.25,7.89,0.66,Carcinus maenas,25.185,Mytilus edulis,1.075865,23.40907084,8,0,8
14,31524,1970.25,7.89,0.66,Carcinus maenas,25.185,Mytilus edulis,1.075865,23.40907084,32,1,31
14,31524,1970.25,7.89,0.66,Carcinus maenas,25.185,Mytilus edulis,1.075865,23.40907084,16,3,13
14,31524,1970.25,7.89,0.66,Carcinus maenas,25.185,Mytilus edulis,1.075865,23.40907084,4,0,4
15,11225.1,905.25,12,1,Actinia equina,0.1582349,Echinogammarus marinus,0.122,1.297007377,2,0,2
15,11225.1,905.25,12,1,Actinia equina,0.1582349,Echinogammarus marinus,0.122,1.297007377,2,0,2
15,11225.1,905.25,12,1,Actinia equina,0.1582349,Echinogammarus marinus,0.122,1.297007377,4,0,4
15,11225.1,905.25,12,1,Actinia equina,0.1582349,Echinogammarus marinus,0.122,1.297007377,4,0,4
15,11225.1,905.25,12,1,Actinia equina,0.1582349,Echinogammarus marinus,0.122,1.297007377,10,0,10
15,11225.1,905.25,12,1,Actinia equina,0.1582349,Echinogammarus marinus,0.122,1.297007377,10,0,10
15,11225.1,905.25,12,1,Actinia equina,0.1582349,Echinogammarus marinus,0.122,1.297007377,25,0,25
15,11225.1,905.25,12,1,Actinia equina,0.1582349,Echinogammarus marinus,0.122,1.297007377,25,0,25
15,11225.1,905.25,12,1,Actinia equina,0.1582349,Echinogammarus marinus,0.122,1.297007377,2,0,2
15,11225.1,905.25,12,1,Actinia equina,0.1582349,Echinogammarus marinus,0.122,1.297007377,4,0,4
15,11225.1,905.25,12,1,Actinia equina,0.1582349,Echinogammarus marinus,0.122,1.297007377,6,0,6
15,11225.1,905.25,12,1,Actinia equina,0.1582349,Echinogammarus marinus,0.122,1.297007377,6,0,6
15,11225.1,905.25,12,1,Actinia equina,0.1582349,Echinogammarus marinus,0.122,1.297007377,6,0,6
15,11225.1,905.25,12,1,Actinia equina,0.1582349,Echinogammarus marinus,0.122,1.297007377,10,0,10
15,11225.1,905.25,12,1,Actinia equina,0.1582349,Echinogammarus marinus,0.122,1.297007377,15,0,15
15,11225.1,905.25,12,1,Actinia equina,0.1582349,Echinogammarus marinus,0.122,1.297007377,15,0,15
15,11225.1,905.25,12,1,Actinia equina,0.1582349,Echinogammarus marinus,0.122,1.297007377,15,0,15
15,11225.1,905.25,12,1,Actinia equina,0.1582349,Echinogammarus marinus,0.122,1.297007377,25,0,25
16,11225.1,905.25,12,1,Actinia equina,1.674,Echinogammarus marinus,0.122,13.72131148,2,0,2
16,11225.1,905.25,12,1,Actinia equina,1.674,Echinogammarus marinus,0.122,13.72131148,2,1,1
16,11225.1,905.25,12,1,Actinia equina,1.674,Echinogammarus marinus,0.122,13.72131148,4,1,3
16,11225.1,905.25,12,1,Actinia equina,1.674,Echinogammarus marinus,0.122,13.72131148,4,0,4
16,11225.1,905.25,12,1,Actinia equina,1.674,Echinogammarus marinus,0.122,13.72131148,10,1,9
16,11225.1,905.25,12,1,Actinia equina,1.674,Echinogammarus marinus,0.122,13.72131148,10,0,10
16,11225.1,905.25,12,1,Actinia equina,1.674,Echinogammarus marinus,0.122,13.72131148,25,0,25
16,11225.1,905.25,12,1,Actinia equina,1.674,Echinogammarus marinus,0.122,13.72131148,25,2,23
16,11225.1,905.25,12,1,Actinia equina,1.674,Echinogammarus marinus,0.122,13.72131148,2,0,2
16,11225.1,905.25,12,1,Actinia equina,1.674,Echinogammarus marinus,0.122,13.72131148,4,0,4
16,11225.1,905.25,12,1,Actinia equina,1.674,Echinogammarus marinus,0.122,13.72131148,6,2,4
16,11225.1,905.25,12,1,Actinia equina,1.674,Echinogammarus marinus,0.122,13.72131148,6,2,4
16,11225.1,905.25,12,1,Actinia equina,1.674,Echinogammarus marinus,0.122,13.72131148,6,0,6
16,11225.1,905.25,12,1,Actinia equina,1.674,Echinogammarus marinus,0.122,13.72131148,10,2,8
16,11225.1,905.25,12,1,Actinia equina,1.674,Echinogammarus marinus,0.122,13.72131148,15,1,14
16,11225.1,905.25,12,1,Actinia equina,1.674,Echinogammarus marinus,0.122,13.72131148,15,0,15
16,11225.1,905.25,12,1,Actinia equina,1.674,Echinogammarus marinus,0.122,13.72131148,15,1,14
16,11225.1,905.25,12,1,Actinia equina,1.674,Echinogammarus marinus,0.122,13.72131148,25,2,23
17,11225.1,905.25,12,1,Actinia equina,8.99,Echinogammarus marinus,0.122,73.68852459,2,0,2
17,11225.1,905.25,12,1,Actinia equina,8.99,Echinogammarus marinus,0.122,73.68852459,2,2,0
17,11225.1,905.25,12,1,Actinia equina,8.99,Echinogammarus marinus,0.122,73.68852459,4,2,2
17,11225.1,905.25,12,1,Actinia equina,8.99,Echinogammarus marinus,0.122,73.68852459,4,0,4
17,11225.1,905.25,12,1,Actinia equina,8.99,Echinogammarus marinus,0.122,73.68852459,10,1,9
17,11225.1,905.25,12,1,Actinia equina,8.99,Echinogammarus marinus,0.122,73.68852459,10,3,7
17,11225.1,905.25,12,1,Actinia equina,8.99,Echinogammarus marinus,0.122,73.68852459,25,5,20
17,11225.1,905.25,12,1,Actinia equina,8.99,Echinogammarus marinus,0.122,73.68852459,25,7,18
17,11225.1,905.25,12.3,1,Actinia equina,8.99,Echinogammarus marinus,0.122,73.68852459,2,0,2
17,11225.1,905.25,12.3,1,Actinia equina,8.99,Echinogammarus marinus,0.122,73.68852459,4,1,3
17,11225.1,905.25,12.3,1,Actinia equina,8.99,Echinogammarus marinus,0.122,73.68852459,6,2,4
17,11225.1,905.25,12.3,1,Actinia equina,8.99,Echinogammarus marinus,0.122,73.68852459,6,0,6
17,11225.1,905.25,12.3,1,Actinia equina,8.99,Echinogammarus marinus,0.122,73.68852459,6,1,5
17,11225.1,905.25,12.3,1,Actinia equina,8.99,Echinogammarus marinus,0.122,73.68852459,10,3,7
17,11225.1,905.25,12.3,1,Actinia equina,8.99,Echinogammarus marinus,0.122,73.68852459,15,5,10
17,11225.1,905.25,12.3,1,Actinia equina,8.99,Echinogammarus marinus,0.122,73.68852459,15,1,14
17,11225.1,905.25,12.3,1,Actinia equina,8.99,Echinogammarus marinus,0.122,73.68852459,15,5,10
17,11225.1,905.25,12.3,1,Actinia equina,8.99,Echinogammarus marinus,0.122,73.68852459,25,4,21
18,11225.1,905.25,12.3,1,Actinia equina,1.674,Echinogammarus marinus,0.059,28.37288136,2,0,2
18,11225.1,905.25,12.3,1,Actinia equina,1.674,Echinogammarus marinus,0.059,28.37288136,2,0,2
18,11225.1,905.25,12.3,1,Actinia equina,1.674,Echinogammarus marinus,0.059,28.37288136,2,1,1
18,11225.1,905.25,12.3,1,Actinia equina,1.674,Echinogammarus marinus,0.059,28.37288136,4,0,4
18,11225.1,905.25,12.3,1,Actinia equina,1.674,Echinogammarus marinus,0.059,28.37288136,4,1,3
18,11225.1,905.25,12.3,1,Actinia equina,1.674,Echinogammarus marinus,0.059,28.37288136,4,1,3
18,11225.1,905.25,12.3,1,Actinia equina,1.674,Echinogammarus marinus,0.059,28.37288136,6,2,4
18,11225.1,905.25,12.3,1,Actinia equina,1.674,Echinogammarus marinus,0.059,28.37288136,6,0,6
18,11225.1,905.25,12.3,1,Actinia equina,1.674,Echinogammarus marinus,0.059,28.37288136,6,0,6
18,11225.1,905.25,12.3,1,Actinia equina,1.674,Echinogammarus marinus,0.059,28.37288136,10,2,8
18,11225.1,905.25,12.3,1,Actinia equina,1.674,Echinogammarus marinus,0.059,28.37288136,10,0,10
18,11225.1,905.25,12.3,1,Actinia equina,1.674,Echinogammarus marinus,0.059,28.37288136,10,0,10
18,11225.1,905.25,12.3,1,Actinia equina,1.674,Echinogammarus marinus,0.059,28.37288136,15,2,13
18,11225.1,905.25,12.3,1,Actinia equina,1.674,Echinogammarus marinus,0.059,28.37288136,15,1,14
18,11225.1,905.25,12.3,1,Actinia equina,1.674,Echinogammarus marinus,0.059,28.37288136,15,0,15
18,11225.1,905.25,12.3,1,Actinia equina,1.674,Echinogammarus marinus,0.059,28.37288136,25,1,24
18,11225.1,905.25,12.3,1,Actinia equina,1.674,Echinogammarus marinus,0.059,28.37288136,25,3,22
18,11225.1,905.25,12.3,1,Actinia equina,1.674,Echinogammarus marinus,0.059,28.37288136,25,2,23
19,11225.1,905.25,12.3,1,Actinia equina,1.674,Echinogammarus marinus,0.007742,216.2231981,2,0,2
19,11225.1,905.25,12.3,1,Actinia equina,1.674,Echinogammarus marinus,0.007742,216.2231981,2,1,1
19,11225.1,905.25,12.3,1,Actinia equina,1.674,Echinogammarus marinus,0.007742,216.2231981,2,2,0
19,11225.1,905.25,12.3,1,Actinia equina,1.674,Echinogammarus marinus,0.007742,216.2231981,4,0,4
19,11225.1,905.25,12.3,1,Actinia equina,1.674,Echinogammarus marinus,0.007742,216.2231981,4,0,4
19,11225.1,905.25,12.3,1,Actinia equina,1.674,Echinogammarus marinus,0.007742,216.2231981,4,0,4
19,11225.1,905.25,12.3,1,Actinia equina,1.674,Echinogammarus marinus,0.007742,216.2231981,6,0,6
19,11225.1,905.25,12.3,1,Actinia equina,1.674,Echinogammarus marinus,0.007742,216.2231981,6,1,5
19,11225.1,905.25,12.3,1,Actinia equina,1.674,Echinogammarus marinus,0.007742,216.2231981,6,0,6
19,11225.1,905.25,12.3,1,Actinia equina,1.674,Echinogammarus marinus,0.007742,216.2231981,10,2,8
19,11225.1,905.25,12.3,1,Actinia equina,1.674,Echinogammarus marinus,0.007742,216.2231981,10,0,10
19,11225.1,905.25,12.3,1,Actinia equina,1.674,Echinogammarus marinus,0.007742,216.2231981,10,2,8
19,11225.1,905.25,12.3,1,Actinia equina,1.674,Echinogammarus marinus,0.007742,216.2231981,15,4,11
19,11225.1,905.25,12.3,1,Actinia equina,1.674,Echinogammarus marinus,0.007742,216.2231981,15,1,14
19,11225.1,905.25,12.3,1,Actinia equina,1.674,Echinogammarus marinus,0.007742,216.2231981,15,2,13
19,11225.1,905.25,12.3,1,Actinia equina,1.674,Echinogammarus marinus,0.007742,216.2231981,25,3,22
19,11225.1,905.25,12.3,1,Actinia equina,1.674,Echinogammarus marinus,0.007742,216.2231981,25,6,19
19,11225.1,905.25,12.3,1,Actinia equina,1.674,Echinogammarus marinus,0.007742,216.2231981,25,4,21
20,11225.1,905.25,12,1,Actinia equina,0.1582349,Echinogammarus marinus,0.059,2.681947458,2,0,2
20,11225.1,905.25,12,1,Actinia equina,0.1582349,Echinogammarus marinus,0.059,2.681947458,2,0,2
20,11225.1,905.25,12,1,Actinia equina,0.1582349,Echinogammarus marinus,0.059,2.681947458,2,0,2
20,11225.1,905.25,12,1,Actinia equina,0.1582349,Echinogammarus marinus,0.059,2.681947458,4,0,4
20,11225.1,905.25,12,1,Actinia equina,0.1582349,Echinogammarus marinus,0.059,2.681947458,4,0,4
20,11225.1,905.25,12,1,Actinia equina,0.1582349,Echinogammarus marinus,0.059,2.681947458,4,0,4
20,11225.1,905.25,12,1,Actinia equina,0.1582349,Echinogammarus marinus,0.059,2.681947458,6,1,5
20,11225.1,905.25,12,1,Actinia equina,0.1582349,Echinogammarus marinus,0.059,2.681947458,6,0,6
20,11225.1,905.25,12,1,Actinia equina,0.1582349,Echinogammarus marinus,0.059,2.681947458,6,0,6
20,11225.1,905.25,12,1,Actinia equina,0.1582349,Echinogammarus marinus,0.059,2.681947458,10,0,10
20,11225.1,905.25,12,1,Actinia equina,0.1582349,Echinogammarus marinus,0.059,2.681947458,10,0,10
20,11225.1,905.25,12,1,Actinia equina,0.1582349,Echinogammarus marinus,0.059,2.681947458,10,0,10
20,11225.1,905.25,12,1,Actinia equina,0.1582349,Echinogammarus marinus,0.059,2.681947458,15,1,14
20,11225.1,905.25,12,1,Actinia equina,0.1582349,Echinogammarus marinus,0.059,2.681947458,15,0,15
20,11225.1,905.25,12,1,Actinia equina,0.1582349,Echinogammarus marinus,0.059,2.681947458,15,1,14
20,11225.1,905.25,12,1,Actinia equina,0.1582349,Echinogammarus marinus,0.059,2.681947458,25,1,24
20,11225.1,905.25,12,1,Actinia equina,0.1582349,Echinogammarus marinus,0.059,2.681947458,25,0,25
20,11225.1,905.25,12,1,Actinia equina,0.1582349,Echinogammarus marinus,0.059,2.681947458,25,1,24
21,11225.1,905.25,11.9,1,Actinia equina,8.99,Echinogammarus marinus,0.059,152.3728814,2,0,2
21,11225.1,905.25,11.9,1,Actinia equina,8.99,Echinogammarus marinus,0.059,152.3728814,2,1,1
21,11225.1,905.25,11.9,1,Actinia equina,8.99,Echinogammarus marinus,0.059,152.3728814,2,1,1
21,11225.1,905.25,11.9,1,Actinia equina,8.99,Echinogammarus marinus,0.059,152.3728814,4,1,3
21,11225.1,905.25,11.9,1,Actinia equina,8.99,Echinogammarus marinus,0.059,152.3728814,4,1,3
21,11225.1,905.25,11.9,1,Actinia equina,8.99,Echinogammarus marinus,0.059,152.3728814,4,0,4
21,11225.1,905.25,11.9,1,Actinia equina,8.99,Echinogammarus marinus,0.059,152.3728814,6,4,2
21,11225.1,905.25,11.9,1,Actinia equina,8.99,Echinogammarus marinus,0.059,152.3728814,6,0,6
21,11225.1,905.25,11.9,1,Actinia equina,8.99,Echinogammarus marinus,0.059,152.3728814,6,1,5
21,11225.1,905.25,11.9,1,Actinia equina,8.99,Echinogammarus marinus,0.059,152.3728814,10,0,10
21,11225.1,905.25,11.9,1,Actinia equina,8.99,Echinogammarus marinus,0.059,152.3728814,10,1,9
21,11225.1,905.25,11.9,1,Actinia equina,8.99,Echinogammarus marinus,0.059,152.3728814,10,1,9
21,11225.1,905.25,11.9,1,Actinia equina,8.99,Echinogammarus marinus,0.059,152.3728814,15,1,14
21,11225.1,905.25,11.9,1,Actinia equina,8.99,Echinogammarus marinus,0.059,152.3728814,15,1,14
21,11225.1,905.25,11.9,1,Actinia equina,8.99,Echinogammarus marinus,0.059,152.3728814,15,1,14
21,11225.1,905.25,11.9,1,Actinia equina,8.99,Echinogammarus marinus,0.059,152.3728814,25,6,19
21,11225.1,905.25,11.9,1,Actinia equina,8.99,Echinogammarus marinus,0.059,152.3728814,25,1,24
21,11225.1,905.25,11.9,1,Actinia equina,8.99,Echinogammarus marinus,0.059,152.3728814,25,3,22
22,11225.1,905.25,11.9,1,Actinia equina,0.1582349,Echinogammarus marinus,0.007742,20.43850426,2,0,2
22,11225.1,905.25,11.9,1,Actinia equina,0.1582349,Echinogammarus marinus,0.007742,20.43850426,2,0,2
22,11225.1,905.25,11.9,1,Actinia equina,0.1582349,Echinogammarus marinus,0.007742,20.43850426,2,1,1
22,11225.1,905.25,11.9,1,Actinia equina,0.1582349,Echinogammarus marinus,0.007742,20.43850426,4,0,4
22,11225.1,905.25,11.9,1,Actinia equina,0.1582349,Echinogammarus marinus,0.007742,20.43850426,4,1,3
22,11225.1,905.25,11.9,1,Actinia equina,0.1582349,Echinogammarus marinus,0.007742,20.43850426,4,0,4
22,11225.1,905.25,11.9,1,Actinia equina,0.1582349,Echinogammarus marinus,0.007742,20.43850426,6,0,6
22,11225.1,905.25,11.9,1,Actinia equina,0.1582349,Echinogammarus marinus,0.007742,20.43850426,6,0,6
22,11225.1,905.25,11.9,1,Actinia equina,0.1582349,Echinogammarus marinus,0.007742,20.43850426,6,1,5
22,11225.1,905.25,11.9,1,Actinia equina,0.1582349,Echinogammarus marinus,0.007742,20.43850426,10,0,10
22,11225.1,905.25,11.9,1,Actinia equina,0.1582349,Echinogammarus marinus,0.007742,20.43850426,10,1,9
22,11225.1,905.25,11.9,1,Actinia equina,0.1582349,Echinogammarus marinus,0.007742,20.43850426,10,1,9
22,11225.1,905.25,11.9,1,Actinia equina,0.1582349,Echinogammarus marinus,0.007742,20.43850426,15,0,15
22,11225.1,905.25,11.9,1,Actinia equina,0.1582349,Echinogammarus marinus,0.007742,20.43850426,15,2,13
22,11225.1,905.25,11.9,1,Actinia equina,0.1582349,Echinogammarus marinus,0.007742,20.43850426,25,2,23
22,11225.1,905.25,11.9,1,Actinia equina,0.1582349,Echinogammarus marinus,0.007742,20.43850426,25,2,23
22,11225.1,905.25,12.1,1,Actinia equina,8.99,Echinogammarus marinus,0.007742,1161.198657,2,0,2
22,11225.1,905.25,12.1,1,Actinia equina,8.99,Echinogammarus marinus,0.007742,1161.198657,2,0,2
22,11225.1,905.25,12.1,1,Actinia equina,8.99,Echinogammarus marinus,0.007742,1161.198657,2,2,0
22,11225.1,905.25,12.1,1,Actinia equina,8.99,Echinogammarus marinus,0.007742,1161.198657,4,2,2
22,11225.1,905.25,12.1,1,Actinia equina,8.99,Echinogammarus marinus,0.007742,1161.198657,4,1,3
22,11225.1,905.25,12.1,1,Actinia equina,8.99,Echinogammarus marinus,0.007742,1161.198657,4,1,3
22,11225.1,905.25,12.1,1,Actinia equina,8.99,Echinogammarus marinus,0.007742,1161.198657,6,1,5
22,11225.1,905.25,12.1,1,Actinia equina,8.99,Echinogammarus marinus,0.007742,1161.198657,6,5,1
22,11225.1,905.25,12.1,1,Actinia equina,8.99,Echinogammarus marinus,0.007742,1161.198657,6,0,6
22,11225.1,905.25,12.1,1,Actinia equina,8.99,Echinogammarus marinus,0.007742,1161.198657,10,1,9
22,11225.1,905.25,12.1,1,Actinia equina,8.99,Echinogammarus marinus,0.007742,1161.198657,10,3,7
22,11225.1,905.25,12.1,1,Actinia equina,8.99,Echinogammarus marinus,0.007742,1161.198657,10,1,9
22,11225.1,905.25,12.1,1,Actinia equina,8.99,Echinogammarus marinus,0.007742,1161.198657,15,3,12
22,11225.1,905.25,12.1,1,Actinia equina,8.99,Echinogammarus marinus,0.007742,1161.198657,15,2,13
22,11225.1,905.25,12.1,1,Actinia equina,8.99,Echinogammarus marinus,0.007742,1161.198657,15,5,10
22,11225.1,905.25,12.1,1,Actinia equina,8.99,Echinogammarus marinus,0.007742,1161.198657,25,5,20
22,11225.1,905.25,12.1,1,Actinia equina,8.99,Echinogammarus marinus,0.007742,1161.198657,25,4,21
22,11225.1,905.25,12.1,1,Actinia equina,8.99,Echinogammarus marinus,0.007742,1161.198657,25,3,22
23,134926.1,4190,15.22,2.75,Marthasterias glacialis,547.885,Mytilus edulis,13.665,40.09403586,6,0,0
23,134926.1,4190,15.22,2.75,Marthasterias glacialis,547.885,Mytilus edulis,13.665,40.09403586,6,6,0
23,134926.1,4190,15.015,2.75,Marthasterias glacialis,547.885,Mytilus edulis,13.665,40.09403586,1,0,1
23,134926.1,4190,15.015,2.75,Marthasterias glacialis,547.885,Mytilus edulis,13.665,40.09403586,2,0,2
23,134926.1,4190,15.015,2.75,Marthasterias glacialis,547.885,Mytilus edulis,13.665,40.09403586,3,0,3
23,134926.1,4190,15.015,2.75,Marthasterias glacialis,547.885,Mytilus edulis,13.665,40.09403586,4,2,2
23,134926.1,4190,15.015,2.75,Marthasterias glacialis,547.885,Mytilus edulis,13.665,40.09403586,6,0,6
23,134926.1,4190,15.015,2.75,Marthasterias glacialis,547.885,Mytilus edulis,13.665,40.09403586,6,4,2
23,134926.1,4190,13.1,2.75,Marthasterias glacialis,547.885,Mytilus edulis,13.665,40.09403586,1,1,0
23,134926.1,4190,13.1,2.75,Marthasterias glacialis,547.885,Mytilus edulis,13.665,40.09403586,2,1,1
23,134926.1,4190,13.1,2.75,Marthasterias glacialis,547.885,Mytilus edulis,13.665,40.09403586,3,1,2
23,134926.1,4190,13.1,2.75,Marthasterias glacialis,547.885,Mytilus edulis,13.665,40.09403586,4,1,3
23,134926.1,4190,13.1,2.75,Marthasterias glacialis,547.885,Mytilus edulis,13.665,40.09403586,5,1,4
23,134926.1,4190,13.1,2.75,Marthasterias glacialis,547.885,Mytilus edulis,13.665,40.09403586,6,3,3
23,134926.1,4190,13.22,2.75,Marthasterias glacialis,547.885,Mytilus edulis,13.665,40.09403586,1,1,0
23,134926.1,4190,13.22,2.75,Marthasterias glacialis,547.885,Mytilus edulis,13.665,40.09403586,2,1,1
23,134926.1,4190,13.22,2.75,Marthasterias glacialis,547.885,Mytilus edulis,13.665,40.09403586,3,2,1
23,134926.1,4190,13.22,2.75,Marthasterias glacialis,547.885,Mytilus edulis,13.665,40.09403586,4,3,1
23,134926.1,4190,13.22,2.75,Marthasterias glacialis,547.885,Mytilus edulis,13.665,40.09403586,5,3,2
23,134926.1,4190,13.22,2.75,Marthasterias glacialis,547.885,Mytilus edulis,13.665,40.09403586,6,3,3
24,31524,1970.25,15.021,2.75,Asterias rubens,98.72,Mytilus edulis,5.70375,17.30791146,1,0,1
24,31524,1970.25,15.021,2.75,Asterias rubens,98.72,Mytilus edulis,5.70375,17.30791146,2,1,1
24,31524,1970.25,15.021,2.75,Asterias rubens,98.72,Mytilus edulis,5.70375,17.30791146,3,2,1
24,31524,1970.25,15.021,2.75,Asterias rubens,98.72,Mytilus edulis,5.70375,17.30791146,4,4,0
24,31524,1970.25,15.021,2.75,Asterias rubens,98.72,Mytilus edulis,5.70375,17.30791146,1,0,1
24,31524,1970.25,15.021,2.75,Asterias rubens,98.72,Mytilus edulis,5.70375,17.30791146,2,1,1
24,31524,1970.25,15.021,2.75,Asterias rubens,98.72,Mytilus edulis,5.70375,17.30791146,3,3,0
24,31524,1970.25,15.021,2.75,Asterias rubens,98.72,Mytilus edulis,5.70375,17.30791146,4,2,2
24,31524,1970.25,15.021,2.75,Asterias rubens,98.72,Mytilus edulis,5.70375,17.30791146,1,1,0
24,31524,1970.25,15.021,2.75,Asterias rubens,98.72,Mytilus edulis,5.70375,17.30791146,2,1,1
24,31524,1970.25,15.021,2.75,Asterias rubens,98.72,Mytilus edulis,5.70375,17.30791146,3,3,0
24,31524,1970.25,15.021,2.75,Asterias rubens,98.72,Mytilus edulis,5.70375,17.30791146,4,1,3
24,31524,1970.25,15.021,2.75,Asterias rubens,98.72,Mytilus edulis,5.70375,17.30791146,1,0,1
24,31524,1970.25,15.021,2.75,Asterias rubens,98.72,Mytilus edulis,5.70375,17.30791146,2,2,0
24,31524,1970.25,15.021,2.75,Asterias rubens,98.72,Mytilus edulis,5.70375,17.30791146,3,2,1
24,31524,1970.25,15.021,2.75,Asterias rubens,98.72,Mytilus edulis,5.70375,17.30791146,4,2,2
24,31524,1970.25,15.22,2.75,Asterias rubens,98.72,Mytilus edulis,5.70375,17.30791146,1,0,1
24,31524,1970.25,15.22,2.75,Asterias rubens,98.72,Mytilus edulis,5.70375,17.30791146,2,1,1
24,31524,1970.25,15.22,2.75,Asterias rubens,98.72,Mytilus edulis,5.70375,17.30791146,3,3,0
24,31524,1970.25,15.22,2.75,Asterias rubens,98.72,Mytilus edulis,5.70375,17.30791146,4,3,1
24,31524,1970.25,15.22,2.75,Asterias rubens,98.72,Mytilus edulis,5.70375,17.30791146,6,1,5
24,31524,1970.25,15.22,2.75,Asterias rubens,98.72,Mytilus edulis,5.70375,17.30791146,6,4,2
24,31524,1970.25,15.22,2.75,Asterias rubens,98.72,Mytilus edulis,5.70375,17.30791146,6,0,6
24,31524,1970.25,15.22,2.75,Asterias rubens,98.72,Mytilus edulis,5.70375,17.30791146,6,4,2
24,31524,1970.25,15.22,2.75,Asterias rubens,98.72,Mytilus edulis,5.70375,17.30791146,6,4,2
24,31524,1970.25,15.22,2.75,Asterias rubens,98.72,Mytilus edulis,5.70375,17.30791146,6,0,6
24,31524,1970.25,15.22,2.75,Asterias rubens,98.72,Mytilus edulis,5.70375,17.30791146,1,1,0
24,31524,1970.25,15.22,2.75,Asterias rubens,98.72,Mytilus edulis,5.70375,17.30791146,2,0,2
24,31524,1970.25,15.22,2.75,Asterias rubens,98.72,Mytilus edulis,5.70375,17.30791146,3,1,2
24,31524,1970.25,15.22,2.75,Asterias rubens,98.72,Mytilus edulis,5.70375,17.30791146,4,2,2
25,11225.1,905.25,15.021,2.75,Asterias rubens,38.834,Mytilus edulis,5.70375,6.808503178,1,1,0
25,11225.1,905.25,15.021,2.75,Asterias rubens,38.834,Mytilus edulis,5.70375,6.808503178,2,0,2
25,11225.1,905.25,15.021,2.75,Asterias rubens,38.834,Mytilus edulis,5.70375,6.808503178,3,1,2
25,11225.1,905.25,15.021,2.75,Asterias rubens,38.834,Mytilus edulis,5.70375,6.808503178,4,0,4
25,11225.1,905.25,15.021,2.75,Asterias rubens,38.834,Mytilus edulis,5.70375,6.808503178,1,1,0
25,11225.1,905.25,15.021,2.75,Asterias rubens,38.834,Mytilus edulis,5.70375,6.808503178,2,1,1
25,11225.1,905.25,15.021,2.75,Asterias rubens,38.834,Mytilus edulis,5.70375,6.808503178,3,3,0
25,11225.1,905.25,15.021,2.75,Asterias rubens,38.834,Mytilus edulis,5.70375,6.808503178,4,2,2
25,11225.1,905.25,15.021,2.75,Asterias rubens,38.834,Mytilus edulis,5.70375,6.808503178,1,1,0
25,11225.1,905.25,15.021,2.75,Asterias rubens,38.834,Mytilus edulis,5.70375,6.808503178,2,0,2
25,11225.1,905.25,15.22,2.75,Asterias rubens,39.834,Mytilus edulis,5.70375,6.98382643,3,1,2
25,11225.1,905.25,15.22,2.75,Asterias rubens,40.834,Mytilus edulis,5.70375,7.159149682,4,0,4
25,11225.1,905.25,15.22,2.75,Asterias rubens,41.834,Mytilus edulis,5.70375,7.334472934,1,0,1
25,11225.1,905.25,15.22,2.75,Asterias rubens,42.834,Mytilus edulis,5.70375,7.509796187,2,1,1
25,11225.1,905.25,15.22,2.75,Asterias rubens,43.834,Mytilus edulis,5.70375,7.685119439,3,1,2
25,11225.1,905.25,15.22,2.75,Asterias rubens,44.834,Mytilus edulis,5.70375,7.860442691,4,3,1
25,11225.1,905.25,15.22,2.75,Asterias rubens,45.834,Mytilus edulis,5.70375,8.035765943,1,1,0
25,11225.1,905.25,15.22,2.75,Asterias rubens,46.834,Mytilus edulis,5.70375,8.211089196,2,0,2
25,11225.1,905.25,15.22,2.75,Asterias rubens,47.834,Mytilus edulis,5.70375,8.386412448,3,2,1
25,11225.1,905.25,15.22,2.75,Asterias rubens,48.834,Mytilus edulis,5.70375,8.5617357,4,1,3
26,31524,1970.25,15.22,2.75,Asterias rubens,160.28,Mytilus edulis,5.70375,28.10081087,1,0,1
26,31524,1970.25,15.22,2.75,Asterias rubens,160.28,Mytilus edulis,5.70375,28.10081087,2,2,0
26,31524,1970.25,15.22,2.75,Asterias rubens,160.28,Mytilus edulis,5.70375,28.10081087,3,3,0
26,31524,1970.25,15.22,2.75,Asterias rubens,160.28,Mytilus edulis,5.70375,28.10081087,4,4,0
26,31524,1970.25,15.22,2.75,Asterias rubens,160.28,Mytilus edulis,5.70375,28.10081087,1,1,0
26,31524,1970.25,15.22,2.75,Asterias rubens,160.28,Mytilus edulis,5.70375,28.10081087,4,2,2
26,31524,1970.25,15.22,2.75,Asterias rubens,160.28,Mytilus edulis,5.70375,28.10081087,1,1,0
26,31524,1970.25,15.22,2.75,Asterias rubens,160.28,Mytilus edulis,5.70375,28.10081087,2,2,0
26,31524,1970.25,15.22,2.75,Asterias rubens,160.28,Mytilus edulis,5.70375,28.10081087,3,2,1
26,31524,1970.25,15.22,2.75,Asterias rubens,160.28,Mytilus edulis,5.70375,28.10081087,4,2,2
26,31524,1970.25,15.22,2.75,Asterias rubens,160.28,Mytilus edulis,5.70375,28.10081087,6,5,1
26,31524,1970.25,15.22,2.75,Asterias rubens,161.28,Mytilus edulis,5.70375,28.27613412,6,6,0
26,31524,1970.25,15.33,2.75,Asterias rubens,162.28,Mytilus edulis,5.70375,28.45145737,8,5,3
26,31524,1970.25,15.33,2.75,Asterias rubens,163.28,Mytilus edulis,5.70375,28.62678063,8,4,4
26,31524,1970.25,15.33,2.75,Asterias rubens,163.28,Mytilus edulis,5.70375,28.62678063,2,0,2
26,31524,1970.25,15.33,2.75,Asterias rubens,163.28,Mytilus edulis,5.70375,28.62678063,3,0,3
26,31524,1970.25,15.33,2.75,Asterias rubens,163.28,Mytilus edulis,5.70375,28.62678063,4,3,1
26,31524,1970.25,15.33,2.75,Asterias rubens,163.28,Mytilus edulis,5.70375,28.62678063,6,2,4
26,31524,1970.25,15.33,2.75,Asterias rubens,163.28,Mytilus edulis,5.70375,28.62678063,6,0,6
26,31524,1970.25,15.33,2.75,Asterias rubens,163.28,Mytilus edulis,5.70375,28.62678063,1,1,0
26,31524,1970.25,15.33,2.75,Asterias rubens,163.28,Mytilus edulis,5.70375,28.62678063,2,2,0
26,31524,1970.25,15.33,2.75,Asterias rubens,163.28,Mytilus edulis,5.70375,28.62678063,3,0,3
26,31524,1970.25,15.33,2.75,Asterias rubens,163.28,Mytilus edulis,5.70375,28.62678063,4,0,4
26,31524,1970.25,15.33,2.75,Asterias rubens,163.28,Mytilus edulis,5.70375,28.62678063,6,3,3
27,11225.1,905.25,13.1,2.75,Asterias rubens,44.834,Mytilus edulis,14.54,3.08349381,1,0,1
27,11225.1,905.25,13.1,2.75,Asterias rubens,44.834,Mytilus edulis,14.54,3.08349381,2,0,2
27,11225.1,905.25,13.1,2.75,Asterias rubens,44.834,Mytilus edulis,14.54,3.08349381,3,0,3
27,11225.1,905.25,13.1,2.75,Asterias rubens,44.834,Mytilus edulis,14.54,3.08349381,4,0,4
27,11225.1,905.25,13.1,2.75,Asterias rubens,44.834,Mytilus edulis,14.54,3.08349381,1,0,1
27,11225.1,905.25,13.1,2.75,Asterias rubens,44.834,Mytilus edulis,14.54,3.08349381,2,0,2
27,11225.1,905.25,13.1,2.75,Asterias rubens,44.834,Mytilus edulis,14.54,3.08349381,3,0,3
27,11225.1,905.25,13.1,2.75,Asterias rubens,44.834,Mytilus edulis,14.54,3.08349381,4,0,4
28,31524,1970.25,13.1,2.75,Asterias rubens,98.72,Mytilus edulis,1.075865,91.75872438,2,1,1
28,31524,1970.25,13.1,2.75,Asterias rubens,98.72,Mytilus edulis,1.075865,91.75872438,4,1,3
28,31524,1970.25,13.1,2.75,Asterias rubens,98.72,Mytilus edulis,1.075865,91.75872438,8,4,4
28,31524,1970.25,13.1,2.75,Asterias rubens,98.72,Mytilus edulis,1.075865,91.75872438,12,12,0
28,31524,1970.25,13.1,2.75,Asterias rubens,98.72,Mytilus edulis,1.075865,91.75872438,16,0,16
28,31524,1970.25,13.1,2.75,Asterias rubens,98.72,Mytilus edulis,1.075865,91.75872438,2,2,0
28,31524,1970.25,13.1,2.75,Asterias rubens,98.72,Mytilus edulis,1.075865,91.75872438,4,0,4
28,31524,1970.25,13.1,2.75,Asterias rubens,98.72,Mytilus edulis,1.075865,91.75872438,8,3,5
28,31524,1970.25,13.1,2.75,Asterias rubens,98.72,Mytilus edulis,1.075865,91.75872438,12,4,8
28,31524,1970.25,13.1,2.75,Asterias rubens,98.72,Mytilus edulis,1.075865,91.75872438,16,6,10
28,31524,1970.25,13.1,2.75,Asterias rubens,98.72,Mytilus edulis,1.075865,91.75872438,2,2,0
28,31524,1970.25,13.1,2.75,Asterias rubens,98.72,Mytilus edulis,1.075865,91.75872438,4,3,1
28,31524,1970.25,13.1,2.75,Asterias rubens,98.72,Mytilus edulis,1.075865,91.75872438,8,4,4
28,31524,1970.25,13.1,2.75,Asterias rubens,98.72,Mytilus edulis,1.075865,91.75872438,12,6,6
28,31524,1970.25,13.1,2.75,Asterias rubens,98.72,Mytilus edulis,1.075865,91.75872438,16,6,10
29,31524,1970.25,15.2,0.75,Necora puber,157.3638095,Mytilus edulis,3.44,45.74529346,2,2,0
29,31524,1970.25,15.2,0.75,Necora puber,157.3638095,Mytilus edulis,3.44,45.74529346,4,4,0
29,31524,1970.25,15.2,0.75,Necora puber,157.3638095,Mytilus edulis,3.44,45.74529346,6,0,6
29,31524,1970.25,15.2,0.75,Necora puber,157.3638095,Mytilus edulis,3.44,45.74529346,12,0,12
29,31524,1970.25,15.2,0.75,Necora puber,157.3638095,Mytilus edulis,3.44,45.74529346,16,5,11
29,31524,1970.25,15.2,0.75,Necora puber,157.3638095,Mytilus edulis,3.44,45.74529346,20,1,19
29,31524,1970.25,15.2,0.75,Necora puber,157.3638095,Mytilus edulis,3.44,45.74529346,2,2,0
29,31524,1970.25,15.2,0.75,Necora puber,157.3638095,Mytilus edulis,3.44,45.74529346,4,0,4
29,31524,1970.25,15.2,0.75,Necora puber,157.3638095,Mytilus edulis,3.44,45.74529346,8,8,0
29,31524,1970.25,15.2,0.75,Necora puber,157.3638095,Mytilus edulis,3.44,45.74529346,12,0,12
29,31524,1970.25,15.2,0.75,Necora puber,157.3638095,Mytilus edulis,3.44,45.74529346,16,6,10
29,31524,1970.25,15.2,0.75,Necora puber,157.3638095,Mytilus edulis,3.44,45.74529346,20,4,16
29,31524,1970.25,13.1,0.75,Necora puber,157.3638095,Mytilus edulis,3.44,45.74529346,20,13,7
29,31524,1970.25,13.1,0.75,Necora puber,157.3638095,Mytilus edulis,3.44,45.74529346,16,10,6
29,31524,1970.25,13.1,0.75,Necora puber,157.3638095,Mytilus edulis,3.44,45.74529346,12,11,1
29,31524,1970.25,13.1,0.75,Necora puber,157.3638095,Mytilus edulis,3.44,45.74529346,8,7,1
29,31524,1970.25,13.1,0.75,Necora puber,157.3638095,Mytilus edulis,3.44,45.74529346,4,4,0
29,31524,1970.25,13.1,0.75,Necora puber,157.3638095,Mytilus edulis,3.44,45.74529346,2,2,0
29,31524,1970.25,13.1,0.75,Necora puber,157.3638095,Mytilus edulis,3.44,45.74529346,20,0,20
29,31524,1970.25,13.1,0.75,Necora puber,157.3638095,Mytilus edulis,3.44,45.74529346,16,9,7
29,31524,1970.25,13.1,0.75,Necora puber,157.3638095,Mytilus edulis,3.44,45.74529346,12,5,7
29,31524,1970.25,13.1,0.75,Necora puber,157.3638095,Mytilus edulis,3.44,45.74529346,8,8,0
29,31524,1970.25,13.1,0.75,Necora puber,157.3638095,Mytilus edulis,3.44,45.74529346,4,4,0
29,31524,1970.25,13.1,0.75,Necora puber,157.3638095,Mytilus edulis,3.44,45.74529346,2,2,0
30,31524,1970.25,15.2,0.75,Necora puber,70.53388889,Mytilus edulis,4.44,15.88601101,2,2,0
30,31524,1970.25,15.2,0.75,Necora puber,70.53388889,Mytilus edulis,4.44,15.88601101,4,0,4
30,31524,1970.25,15.2,0.75,Necora puber,70.53388889,Mytilus edulis,4.44,15.88601101,8,0,8
30,31524,1970.25,15.2,0.75,Necora puber,70.53388889,Mytilus edulis,4.44,15.88601101,12,0,12
30,31524,1970.25,15.2,0.75,Necora puber,70.53388889,Mytilus edulis,4.44,15.88601101,16,0,16
30,31524,1970.25,15.2,0.75,Necora puber,70.53388889,Mytilus edulis,4.44,15.88601101,20,2,18
30,31524,1970.25,15.2,0.75,Necora puber,70.53388889,Mytilus edulis,4.44,15.88601101,20,4,16
30,31524,1970.25,15.2,0.75,Necora puber,70.53388889,Mytilus edulis,4.44,15.88601101,16,2,14
30,31524,1970.25,15.2,0.75,Necora puber,70.53388889,Mytilus edulis,4.44,15.88601101,12,0,12
30,31524,1970.25,15.2,0.75,Necora puber,70.53388889,Mytilus edulis,4.44,15.88601101,8,0,8
30,31524,1970.25,15.2,0.75,Necora puber,70.53388889,Mytilus edulis,4.44,15.88601101,4,4,0
30,31524,1970.25,15.2,0.75,Necora puber,70.53388889,Mytilus edulis,4.44,15.88601101,2,1,1
30,31524,1970.25,15.2,0.75,Necora puber,70.53388889,Mytilus edulis,4.44,15.88601101,20,0,20
30,31524,1970.25,15.2,0.75,Necora puber,70.53388889,Mytilus edulis,4.44,15.88601101,16,3,13
30,31524,1970.25,15.2,0.75,Necora puber,70.53388889,Mytilus edulis,4.44,15.88601101,12,8,4
30,31524,1970.25,15.2,0.75,Necora puber,70.53388889,Mytilus edulis,4.44,15.88601101,8,3,5
30,31524,1970.25,15.2,0.75,Necora puber,70.53388889,Mytilus edulis,4.44,15.88601101,4,0,4
30,31524,1970.25,15.2,0.75,Necora puber,70.53388889,Mytilus edulis,4.44,15.88601101,2,0,2
30,31524,1970.25,13.1,0.75,Necora puber,70.53388889,Mytilus edulis,4.44,15.88601101,2,2,0
30,31524,1970.25,13.1,0.75,Necora puber,70.53388889,Mytilus edulis,4.44,15.88601101,4,2,2
30,31524,1970.25,13.1,0.75,Necora puber,70.53388889,Mytilus edulis,4.44,15.88601101,8,1,7
30,31524,1970.25,13.1,0.75,Necora puber,70.53388889,Mytilus edulis,4.44,15.88601101,16,0,16
30,31524,1970.25,13.1,0.75,Necora puber,70.53388889,Mytilus edulis,4.44,15.88601101,20,4,16
30,31524,1970.25,13.1,0.75,Necora puber,70.53388889,Mytilus edulis,4.44,15.88601101,2,1,1
30,31524,1970.25,13.1,0.75,Necora puber,70.53388889,Mytilus edulis,4.44,15.88601101,4,0,4
30,31524,1970.25,13.1,0.75,Necora puber,70.53388889,Mytilus edulis,4.44,15.88601101,8,2,6
30,31524,1970.25,13.1,0.75,Necora puber,70.53388889,Mytilus edulis,4.44,15.88601101,16,0,16
30,31524,1970.25,13.1,0.75,Necora puber,70.53388889,Mytilus edulis,4.44,15.88601101,20,10,10
30,31524,1970.25,13.1,0.75,Necora puber,70.53388889,Mytilus edulis,4.44,15.88601101,12,0,12
30,31524,1970.25,13.1,0.75,Necora puber,70.53388889,Mytilus edulis,4.44,15.88601101,12,3,9
31,31524,1970.25,13.1,0.75,Cancer pagurus,205.6111765,Mytilus edulis,4.44,46.30882353,2,2,0
31,31524,1970.25,13.1,0.75,Cancer pagurus,205.6111765,Mytilus edulis,4.44,46.30882353,4,4,0
31,31524,1970.25,13.1,0.75,Cancer pagurus,205.6111765,Mytilus edulis,4.44,46.30882353,8,0,8
31,31524,1970.25,13.1,0.75,Cancer pagurus,205.6111765,Mytilus edulis,4.44,46.30882353,12,12,0
31,31524,1970.25,13.1,0.75,Cancer pagurus,205.6111765,Mytilus edulis,4.44,46.30882353,16,16,0
31,31524,1970.25,13.1,0.75,Cancer pagurus,205.6111765,Mytilus edulis,4.44,46.30882353,20,20,0
31,31524,1970.25,13.1,0.75,Cancer pagurus,205.6111765,Mytilus edulis,4.44,46.30882353,2,0,2
31,31524,1970.25,13.1,0.75,Cancer pagurus,205.6111765,Mytilus edulis,4.44,46.30882353,4,4,0
31,31524,1970.25,13.1,0.75,Cancer pagurus,205.6111765,Mytilus edulis,4.44,46.30882353,8,8,0
31,31524,1970.25,13.5,0.75,Cancer pagurus,205.6111765,Mytilus edulis,4.44,46.30882353,12,12,0
31,31524,1970.25,13.5,0.75,Cancer pagurus,205.6111765,Mytilus edulis,4.44,46.30882353,16,14,2
31,31524,1970.25,13.5,0.75,Cancer pagurus,205.6111765,Mytilus edulis,4.44,46.30882353,20,2,18
31,31524,1970.25,13.5,0.75,Cancer pagurus,205.6111765,Mytilus edulis,4.44,46.30882353,40,8,32
31,31524,1970.25,13.5,0.75,Cancer pagurus,205.6111765,Mytilus edulis,4.44,46.30882353,40,14,26
31,31524,1970.25,13.5,0.75,Cancer pagurus,205.6111765,Mytilus edulis,4.44,46.30882353,40,23,17
31,31524,1970.25,13.5,0.75,Cancer pagurus,205.6111765,Mytilus edulis,4.44,46.30882353,30,19,11
31,31524,1970.25,13.5,0.75,Cancer pagurus,205.6111765,Mytilus edulis,4.44,46.30882353,30,17,13
31,31524,1970.25,13.5,0.75,Cancer pagurus,205.6111765,Mytilus edulis,4.44,46.30882353,30,20,10
32,31524,1970.25,13.5,0.75,Necora puber,157.3638095,Mytilus edulis,26.12,6.024648143,1,0,1
32,31524,1970.25,13.5,0.75,Necora puber,157.3638095,Mytilus edulis,26.12,6.024648143,2,0,2
32,31524,1970.25,13.5,0.75,Necora puber,157.3638095,Mytilus edulis,26.12,6.024648143,3,0,3
32,31524,1970.25,13.5,0.75,Necora puber,157.3638095,Mytilus edulis,26.12,6.024648143,1,0,1
32,31524,1970.25,13.5,0.75,Necora puber,157.3638095,Mytilus edulis,26.12,6.024648143,2,0,2
32,31524,1970.25,13.5,0.75,Necora puber,157.3638095,Mytilus edulis,26.12,6.024648143,3,0,3
33,31524,1970.25,13.5,0.75,Cancer pagurus,407.11,Mytilus edulis,0.12,3392.583333,20,17,3
33,31524,1970.25,13.5,0.75,Cancer pagurus,407.11,Mytilus edulis,0.12,3392.583333,16,0,16
33,31524,1970.25,13.5,0.75,Cancer pagurus,407.11,Mytilus edulis,0.12,3392.583333,12,0,12
33,31524,1970.25,13.5,0.75,Cancer pagurus,407.11,Mytilus edulis,0.12,3392.583333,8,3,5
33,31524,1970.25,13.5,0.75,Cancer pagurus,407.11,Mytilus edulis,0.12,3392.583333,4,0,4
33,31524,1970.25,13.5,0.75,Cancer pagurus,407.11,Mytilus edulis,0.12,3392.583333,2,0,2
33,31524,1970.25,13.5,0.75,Cancer pagurus,407.11,Mytilus edulis,0.12,3392.583333,20,0,20
33,31524,1970.25,13.5,0.75,Cancer pagurus,407.11,Mytilus edulis,0.12,3392.583333,16,4,12
33,31524,1970.25,13.5,0.75,Cancer pagurus,407.11,Mytilus edulis,0.12,3392.583333,12,8,4
33,31524,1970.25,13.5,0.75,Cancer pagurus,407.11,Mytilus edulis,0.12,3392.583333,8,8,0
33,31524,1970.25,13.5,0.75,Cancer pagurus,407.11,Mytilus edulis,0.12,3392.583333,4,0,4
33,31524,1970.25,13.5,0.75,Cancer pagurus,407.11,Mytilus edulis,0.12,3392.583333,2,0,2
33,31524,1970.25,13.5,0.75,Cancer pagurus,407.11,Mytilus edulis,0.12,3392.583333,20,4,16
33,31524,1970.25,13.5,0.75,Cancer pagurus,407.11,Mytilus edulis,0.12,3392.583333,16,4,12
33,31524,1970.25,13.5,0.75,Cancer pagurus,407.11,Mytilus edulis,0.12,3392.583333,12,8,4
33,31524,1970.25,13.5,0.75,Cancer pagurus,407.11,Mytilus edulis,0.12,3392.583333,8,2,6
33,31524,1970.25,13.5,0.75,Cancer pagurus,407.11,Mytilus edulis,0.12,3392.583333,4,0,4
33,31524,1970.25,13.5,0.75,Cancer pagurus,407.11,Mytilus edulis,0.12,3392.583333,2,0,2
